{
  "80": {
    "threshold_pos": 0.0004594366782737909,
    "threshold_neg": -0.00043847627846768254,
    "Emerging": 